Chelsea,Arsenal,Lione,Bayern Monaco,Milan,Manchester United,Barcellona,Inter,Milan,Manchester United,Barcellona,Bayern Monaco,Manchester United,Bayern Monaco,Bayern Monaco,giacomo ,cassioli,27/03/1970,asciano (si),0::1166607836::10:43 20/12/2006::Giacomo;Cassioli;27/03/1970;Asciano Si)
Chelsea,Psv Eindhoven,Roma,Real Madrid,Milan,Manchester United,Liverpool,Inter,Chelsea,Psv Eindhoven,Roma,Real Madrid,Chelsea,Real Madrid,Real Madrid,raffaele,fiorentino,24/05/1977,cast.re di stabia,0::1166630429::17:00 20/12/2006::Raffaele;Fiorentino;24/05/1977;Cast.re Di Stabia
Chelsea,Psv Eindhoven,Lione,Real Madrid,Milan,Manchester United,Barcellona,Inter,Barcellona,Inter,Chelsea,Lione,Inter,Chelsea,Chelsea,Salvatore,Merola,19/05/1988,caposele,0050401110201090300;Checked::1166632067::17:27 20/12/2006::Salvatore;Merola;19/05/1988;Caposele
Chelsea,Arsenal,Roma,Real Madrid,Milan,Manchester United,Barcellona,Inter,Roma,Barcellona,Milan,Chelsea,Milan,Barcellona,Milan,MARCO,VALLARIO,11/01/1975,SANT'ANDREA DI CONZA,0::1166814960::20:16 22/12/2006::Marco;Vallario;11/01/1975;Sant'Andrea Di Conza
Chelsea,Arsenal,Lione,Real Madrid,Milan,Manchester United,Barcellona,Inter,Barcellona,Inter,Chelsea,Lione,Barcellona,Lione,Lione,Donato,Gervasio,22/10/1985,Caposele,0030301040101020201;Checked::1166817927::21:05 22/12/2006::Donato;Gervasio;22/10/1985;Caposele
Chelsea,Arsenal,Lione,Real Madrid,Milan,Manchester United,Barcellona,Inter,Manchester United,Barcellona,Milan,Lione,Barcellona,Lione,Lione,Vito,Russoniello,13/09/1986,Sant'Andrea di Conza,0::1166950983::10:03 24/12/2006::Vito;Russoniello;13/09/1986;Sant'Andrea Di Conza
Chelsea,Arsenal,Roma,Real Madrid,Milan,Manchester United,Barcellona,Inter,Chelsea,Inter,Real Madrid,Barcellona,Real Madrid,Chelsea,Chelsea,Luigi,Russoniello,13/05/1988,Sant'andrea di conza,0::1166951278::10:07 24/12/2006::Luigi;Russoniello;13/05/1988;Sant'Andrea Di Conza
Chelsea,Arsenal,Lione,Bayern Monaco,Milan,Manchester United,Barcellona,Inter,Chelsea,Manchester United,Barcellona,Inter,Chelsea,Inter,Chelsea,ROCCO,SCOLAMIERO,26/06/1985,OLIVETO CITRA (SA),0::1167294249::09:24 28/12/2006::Rocco;Scolamiero;26/06/1985;Oliveto Citra Sa)
Chelsea,Arsenal,Lione,Valencia,Celtic Glasgow,Manchester United,Bayern Monaco,Liverpool,Chelsea,Lione,Bayern Monaco,Celtic Glasgow,Bayern Monaco,Lione,Lione,Nicola,Melillo,07/04/1979,Caposele,0;Checked::1167321852::12:00 25/12/2006::Nicola;Melillo;07/04/1979;Caposele
Chelsea,Arsenal,Lione,Real Madrid,Milan,Manchester United,Barcellona,Inter,Chelsea,Barcellona,Inter,Real Madrid,Chelsea,Inter,Inter,Lello ,Viscardi,20/01/1979,Caposele,0070301040101020201;Checked::1167322413::17:13 28/12/2006::Lello;Viscardi;20/01/1979;Caposele
Chelsea,Arsenal,Lione,Real Madrid,Milan,Manchester United,Barcellona,Inter,Chelsea,Arsenal,Barcellona,Inter,Chelsea,Barcellona,Chelsea,rocco,russomanno,01/03/1947,caposele,0;Checked::1167662664::12:00 29/12/2006::Rocco;Russomanno;01/03/1947;Caposele
Chelsea,Arsenal,Lione,Real Madrid,Milan,Manchester United,Barcellona,Valencia,Chelsea,Arsenal,Barcellona,Real Madrid,Chelsea,Barcellona,Barcellona,Donato,Peccatiello,08/05/1970,Caposele,0;Checked::1167742647::12:00 29/12/2006::Donato;Peccatiello;08/05/1970;Caposele
Chelsea,Arsenal,Lione,Bayern Monaco,Milan,Manchester United,Barcellona,Inter,Arsenal,Barcellona,Inter,Bayern Monaco,Barcellona,Inter,Inter,Angelo,Ceres,06/06/1980,Caposele,0;Checked::1167742806::12:00 01/01/2007::Angelo;Ceres;06/06/1980;Caposele
Chelsea,Arsenal,Lione,Real Madrid,Milan,Manchester United,Barcellona,Inter,Chelsea,Milan,Barcellona,Real Madrid,Chelsea,Real Madrid,Chelsea,Benedetto,Montanari,25/11/1980,ROMA,0::1167781654::00:47 03/01/2007::Benedetto;Montanari;25/11/1980;Roma
Chelsea,Arsenal,Roma,Bayern Monaco,Milan,Manchester United,Liverpool,Inter,Milan,Bayern Monaco,Manchester United,Roma,Milan,Manchester United,Milan,Gerardo,Notaro,27/05/1974,CAPOSELE,0030301100301020201;Checked::1167828901::13:55 03/01/2007::Gerardo;Notaro;27/05/1974;Caposele
Chelsea,Arsenal,Roma,Real Madrid,Milan,Manchester United,Barcellona,Inter,Arsenal,Real Madrid,Barcellona,Inter,Inter,Arsenal,Inter,nicola,chiodo,07/08/1977,vignate,0::1168462139::21:48 10/01/2007::Nicola;Chiodo;07/08/1977;Vignate
Chelsea,Arsenal,Manchester United,Lione,Barcellona,Real Madrid,Valencia,Milan,Arsenal,Milan,Lione,Barcellona,Lione,Arsenal,Arsenal,Michele,Notaro,05/11/1971,CAPOSELE,0090300060401030301;Checked::1168551673::22:41 11/01/2007::Michele;Notaro;05/11/1971;Caposele
Chelsea,Psv Eindhoven,Lione,Bayern Monaco,Milan,Manchester United,Barcellona,Inter,Chelsea,Inter,Bayern Monaco,Lione,Inter,Bayern Monaco,Inter,Gelsomina ,D'Alessio,18/10/1976,Caposele,0090200040101030301;Checked::1168552510::22:55 11/01/2007::Gelsomina;D'Alessio;18/10/1976;Caposele
Manchester United,Barcellona,Chelsea,Arsenal,Lione,Inter,Milan,Bayern Monaco,Inter,Chelsea,Manchester United,Bayern Monaco,Chelsea,Manchester United,Manchester United,Claudio,Donatiello,26/11/1986,Caposele,0;Checked::1168590323::12:00 11/01/2007::Claudio;Donatiello;26/11/1986;Caposele
Chelsea,Arsenal,Roma,Bayern Monaco,Milan,Manchester United,Barcellona,Inter,Milan,Chelsea,Barcellona,Roma,Milan,Barcellona,Barcellona,Donato,Nesta,17/04/1991,Caposele,0;Checked::1168590928::12:00 11/01/2007::Donato;Nesta;17/04/1991;Caposele
Chelsea,Arsenal,Roma,Bayern Monaco,Celtic Glasgow,Manchester United,Barcellona,Inter,Chelsea,Barcellona,Bayern Monaco,Roma,Barcellona,Bayern Monaco,Barcellona,Angelo,Brambilla,05/03/1978,Pioltello (MI),0::1168600272::12:11 12/01/2007::Angelo;Brambilla;05/03/1978;Pioltello Mi)
Porto,Psv Eindhoven,Lione,Real Madrid,Milan,Manchester United,Barcellona,Inter,Lione,Barcellona,Porto,Real Madrid,Porto,Barcellona,Porto,maria,russomanno,08/12/1988,caposele,0090400020201070301;Checked::1168643657::00:14 13/01/2007::Maria;Russomanno;08/12/1988;Caposele
Roma,Milan,Lilla,Arsenal,Real Madrid,Chelsea,Barcellona,Valencia,Chelsea,Milan,Real Madrid,Roma,Real Madrid,Milan,Real Madrid,Cristian,Boccalupo,15/11/1981,Chiari,0::1168736746::02:05 14/01/2007::Cristian;Boccalupo;15/11/1981;Chiari
#Porto,Psv Eindhoven,Roma,Real Madrid,Milan,Lilla,Barcellona,Inter,Porto,Psv Eindhoven,Barcellona,Real Madrid,Porto,Psv Eindhoven,Porto,mavvaffancule ,SPAMMATORE ,01/01/1900,DE MERDA,0::1168808477::22:01 14/01/2007::Mavvaffancule;Spammatore;01/01/1900;De Merda
Chelsea,Arsenal,Lione,Real Madrid,Celtic Glasgow,Manchester United,Barcellona,Valencia,Chelsea,Manchester United,Lione,Valencia,Manchester United,Lione,Manchester United,Pino,MasterFlash,09/07/1982,Sarzana (sp),0::1168808541::22:02 14/01/2007::Pino;Masterflash;09/07/1982;Sarzana Sp)
Chelsea,Arsenal,Roma,Real Madrid,Milan,Manchester United,Barcellona,Inter,Chelsea,Manchester United,Barcellona,Inter,Manchester United,Barcellona,Barcellona,A,B,20/11/1982,D,0::1168809194::22:13 14/01/2007::A;B;20/11/1982;D
Chelsea,Arsenal,Lione,Bayern Monaco,Milan,Manchester United,Barcellona,Inter,Chelsea,Arsenal,Barcellona,Inter,Inter,Arsenal,Inter,Capo,Mauro,06/04/1974,Caserta,0::1168937773::09:56 16/01/2007::Capo;Mauro;06/04/1974;Caserta
#Chelsea,Arsenal,Roma,Real Madrid,Milan,Manchester United,Barcellona,Inter,Chelsea,Roma,Inter,Manchester United,Inter,Chelsea,Inter,tiruccio,giosa,15/09/1930,caposele,0010301030301090101;Checked::1168948599::12:56 16/01/2007::Tiruccio;Giosa;15/09/1930;Caposele
#Porto,Psv Eindhoven,Lione,Bayern Monaco,Celtic Glasgow,Manchester United,Liverpool,Valencia,Celtic Glasgow,Psv Eindhoven,Lione,Valencia,Celtic Glasgow,Valencia,Celtic Glasgow,antonio,latrippa,10/10/1980,napoli,0::1168956717::15:11 16/01/2007::Antonio;Latrippa;10/10/1980;Napoli
#Chelsea,Psv Eindhoven,Roma,Bayern Monaco,Milan,Manchester United,Liverpool,Inter,Roma,Chelsea,Inter,Liverpool,Roma,Chelsea,Roma,bruno,gourdo,01/10/1978,caposele,0070301040101020201;Checked;Checked::1168956930::15:15 16/01/2007::Bruno;Gourdo;01/10/1978;Caposele
#Chelsea,Arsenal,Roma,Bayern Monaco,Milan,Manchester United,Barcellona,Inter,Barcellona,Inter,Milan,Roma,Roma,Inter,Inter,riccardo,guariglia,23/06/1989,caposele,0070301060401020201;Checked::1168957188::15:19 16/01/2007::Riccardo;Guariglia;23/06/1989;Caposele
Chelsea,Arsenal,Lione,Bayern Monaco,Milan,Manchester United,Barcellona,Inter,Chelsea,Arsenal,Lione,Inter,Lione,Chelsea,Lione,Martijn,Nillesen,31/08/1973,olanda,0::1168972476::19:34 16/01/2007::Martijn;Nillesen;31/08/1973;Olanda
Chelsea,Arsenal,Roma,Bayern Monaco,Milan,Manchester United,Liverpool,Valencia,Roma,Manchester United,Milan,Bayern Monaco,Roma,Milan,Milan,Christian,Meyer,07/12/1965,Milano,0::1168973978::19:59 16/01/2007::Christian;Meyer;07/12/1965;Milano
Porto,Arsenal,Lione,Bayern Monaco,Celtic Glasgow,Manchester United,Liverpool,Valencia,Manchester United,Lione,Bayern Monaco,Arsenal,Arsenal,Lione,Arsenal,GERARDO,MELILLO,19/05/1949,CAPOSELE,0060401020201100301;Checked::1169115450::11:17 18/01/2007::Gerardo;Melillo;19/05/1949;Caposele
Porto,Arsenal,Roma,Real Madrid,Milan,Lilla,Barcellona,Inter,Barcellona,Milan,Arsenal,Inter,Arsenal,Barcellona,Barcellona,ANTONIETTA,FORMICHELLA,11/05/1949,ROSSANO CALABRO (CS),0::1169115645::11:20 18/01/2007::Antonietta;Formichella;11/05/1949;Rossano Calabro Cs)
Chelsea,Arsenal,Lione,Bayern Monaco,Milan,Manchester United,Liverpool,Inter,Bayern Monaco,Lione,Manchester United,Inter,Inter,Lione,Lione,IVAN,MELILLO,18/05/1982,CAPOSELE,0090101050401040101;Checked::1169115825::11:23 18/01/2007::Ivan;Melillo;18/05/1982;Caposele
#Porto,Psv Eindhoven,Roma,Real Madrid,Celtic Glasgow,Lilla,Liverpool,Inter,Porto,Psv Eindhoven,Liverpool,Inter,Inter,Liverpool,Inter,lucrezia,borgia,23/11/1980,caposele,0010301060401020201;Checked::1169132608::16:03 18/01/2007::Lucrezia;Borgia;23/11/1980;Caposele
#Chelsea,Psv Eindhoven,Roma,Bayern Monaco,Milan,Manchester United,Barcellona,Inter,Chelsea,Manchester United,Barcellona,Inter,Manchester United,Inter,Inter,paoloroberto,falcào,10/10/1953,caposele,0050401090101020201;Checked::1169132829::16:07 18/01/2007::Paoloroberto;Falcào;10/10/1953;Caposele
#Chelsea,Arsenal,Lione,Real Madrid,Milan,Manchester United,Liverpool,Valencia,Chelsea,Manchester United,Milan,Real Madrid,Manchester United,Milan,Milan,thomas,skuravy,15/06/1970,caposele,0050401080201030301;Checked::1169132993::16:09 18/01/2007::Thomas;Skuravy;15/06/1970;Caposele
Chelsea,Arsenal,Roma,Bayern Monaco,Milan,Lilla,Barcellona,Inter,Chelsea,Bayern Monaco,Milan,Barcellona,Bayern Monaco,Milan,Bayern Monaco,paolo,viscardi,14/06/1986,caposele,0080201020201060401;Checked::1169135177::16:46 18/01/2007::Paolo;Viscardi;14/06/1986;Caposele
Chelsea,Psv Eindhoven,Lione,Bayern Monaco,Milan,Lilla,Barcellona,Inter,Milan,Psv Eindhoven,Barcellona,Inter,Milan,Inter,Milan,Gelsomina,Malanga,09/02/1988,Caposele,0;Checked::1169136378::12:00 18/01/2007::Gelsomina;Malanga;09/02/1988;Caposele
Chelsea,Arsenal,Roma,Bayern Monaco,Milan,Manchester United,Barcellona,Inter,Barcellona,Inter,Arsenal,Chelsea,Barcellona,Chelsea,Barcellona,Elisa ,Pallante,10/02/1964,caposele,0;Checked::1169136594::12:00 15/01/2007::Elisa;Pallante;10/02/1964;Caposele
Chelsea,Arsenal,Roma,Real Madrid,Milan,Manchester United,Barcellona,Inter,Milan,Arsenal,Barcellona,Inter,Inter,Milan,Inter,Gerardoluigi,Forte,02/08/1988,Oliveto Citra,0::1169136752::12:00 18/01/2007::Gerardoluigi;Forte;02/08/1988;Oliveto Citra
Chelsea,Arsenal,Lione,Real Madrid,Milan,Manchester United,Barcellona,Inter,Milan,Arsenal,Lione,Inter,Milan,Lione,Milan,Gerardo,Ceres,13/12/1988,oliveto citra,0;Checked::1169136909::12:00 16/01/2007::Gerardo;Ceres;13/12/1988;Oliveto Citra
Chelsea,Arsenal,Roma,Real Madrid,Milan,Manchester United,Barcellona,Inter,Barcellona,Real Madrid,Chelsea,Arsenal,Barcellona,Arsenal,Barcellona,Luca,Cibellis,11/01/1988,oliveto citra,0;Checked::1169137557::12:00 15/01/2007::Luca;Cibellis;11/01/1988;Oliveto Citra
Chelsea,Arsenal,Lione,Real Madrid,Milan,Manchester United,Barcellona,Inter,Inter,Barcellona,Chelsea,Real Madrid,Barcellona,Inter,Barcellona,Angelo,Vitale,10/01/1989,oliveto citra,0;Checked::1169137699::12:00 15/01/2007::Angelo;Vitale;10/01/1989;Oliveto Citra
Chelsea,Arsenal,Lione,Bayern Monaco,Milan,Manchester United,Barcellona,Inter,Lione,Manchester United,Arsenal,Inter,Manchester United,Lione,Manchester United,Concetta,Liloia,06/09/1988,battipaglia,0;Checked::1169137933::12:00 18/01/2007::Concetta;Liloia;06/09/1988;Battipaglia
#Chelsea,Arsenal,Roma,Real Madrid,Milan,Manchester United,Barcellona,Inter,Chelsea,Manchester United,Roma,Inter,Chelsea,Inter,Chelsea,tinto,brass,16/11/1983,caposele,0090101080201040101;Checked::1169159964::23:39 18/01/2007::Tinto;Brass;16/11/1983;Caposele
Chelsea,Arsenal,Roma,Real Madrid,Milan,Manchester United,Barcellona,Inter,Chelsea,Manchester United,Barcellona,Real Madrid,Barcellona,Real Madrid,Barcellona,niko,sepe,10/09/1989,lioni (Av),0::1169316085::12:00 19/01/2007::Niko;Sepe;10/09/1989;Lioni Av)
Chelsea,Arsenal,Lione,Inter,Milan,Manchester United,Barcellona,Real Madrid,Milan,Arsenal,Barcellona,Real Madrid,Milan,Barcellona,Barcellona,genni,perna,07/10/1989,lioni (Av),0::1169316218::12:00 19/01/2007::Genni;Perna;07/10/1989;Lioni Av)
Chelsea,Arsenal,Roma,Real Madrid,Milan,Manchester United,Barcellona,Inter,Milan,Barcellona,Inter,Real Madrid,Barcellona,Real Madrid,Barcellona,danilo,caruso,07/08/1989,caposele,0;Checked::1169316375::12:00 19/01/2007::Danilo;Caruso;07/08/1989;Caposele
Chelsea,Psv Eindhoven,Lione,Real Madrid,Milan,Manchester United,Liverpool,Inter,Milan,Psv Eindhoven,Liverpool,Real Madrid,Liverpool,Milan,Liverpool,carmela,caruso,29/09/1982,caposele,0;Checked::1169316519::12:00 19/01/2007::Carmela;Caruso;29/09/1982;Caposele
Chelsea,Arsenal,Lione,Bayern Monaco,Milan,Manchester United,Barcellona,Inter,Chelsea,Arsenal,Barcellona,Inter,Chelsea,Barcellona,Chelsea,alessandro,ceres,20/06/1989,caposele,0;Checked::1169316645::12:00 19/01/2007::Alessandro;Ceres;20/06/1989;Caposele
Chelsea,Arsenal,Roma,Real Madrid,Milan,Manchester United,Barcellona,Inter,Milan,Barcellona,Manchester United,Inter,Barcellona,Inter,Inter,gerardo,donatiello,21/05/1989,caposele,0;Checked::1169316816::12:00 19/01/2007::Gerardo;Donatiello;21/05/1989;Caposele
Chelsea,Psv Eindhoven,Lione,Real Madrid,Celtic Glasgow,Manchester United,Barcellona,Inter,Chelsea,Manchester United,Barcellona,Inter,Manchester United,Inter,Manchester United,Giuseppe,Merola,12/03/1986,caposele,0;Checked::1169653691::12:00 24/01/2007::Giuseppe;Merola;12/03/1986;Caposele
Chelsea,Arsenal,Roma,Real Madrid,Milan,Manchester United,Barcellona,Inter,Milan,Chelsea,Barcellona,Real Madrid,Milan,Real Madrid,Real Madrid,Alfonso,merola,13/08/1963,caposele,0;Checked::1169653812::12:00 24/01/2007::Alfonso;Merola;13/08/1963;Caposele
Chelsea,Arsenal,Lione,Bayern Monaco,Milan,Manchester United,Barcellona,Inter,Chelsea,Lione,Barcellona,Inter,Lione,Inter,Lione,giusi,ricco,14/03/1986,roccadaspide,0::1169758532::21:55 25/01/2007::Giusi;Ricco;14/03/1986;Roccadaspide
Chelsea,Arsenal,Lione,Bayern Monaco,Milan,Manchester United,Barcellona,Inter,Milan,Barcellona,Bayern Monaco,Chelsea,Chelsea,Barcellona,Chelsea,antonio,buomprisco,11/03/1980,castel san lorenzo,0::1169925101::20:11 27/01/2007::Antonio;Buomprisco;11/03/1980;Castel San Lorenzo
Chelsea,Psv Eindhoven,Lione,Real Madrid,Milan,Manchester United,Barcellona,Inter,Chelsea,Lione,Barcellona,Milan,Lione,Barcellona,Lione,tiziana,riccio,18/09/1981,roccadaspide,0::1170692187::17:16 05/02/2007::Tiziana;Riccio;18/09/1981;Roccadaspide
Chelsea,Arsenal,Lione,Bayern Monaco,Milan,Manchester United,Barcellona,Inter,Milan,Manchester United,Barcellona,Inter,Manchester United,Inter,Inter,Prezioso,galdi,26/07/1988,caposele,0;Checked::1170759089::12:00 02/02/2007::Prezioso;Galdi;26/07/1988;Caposele
Chelsea,Arsenal,Lione,Bayern Monaco,Milan,Manchester United,Barcellona,Inter,Arsenal,Chelsea,Barcellona,Inter,Chelsea,Barcellona,Barcellona,paolo,palumbo,18/07/1988,bollate,0::1170933116::12:11 08/02/2007::Paolo;Palumbo;18/07/1988;Bollate
Chelsea,Arsenal,Lione,Bayern Monaco,Milan,Manchester United,Barcellona,Inter,Milan,Arsenal,Barcellona,Inter,Arsenal,Barcellona,Barcellona,stefano,sciurti,12/04/1991,bollate,0::1170933344::12:15 08/02/2007::Stefano;Sciurti;12/04/1991;Bollate
Chelsea,Arsenal,Lione,Bayern Monaco,Milan,Manchester United,Barcellona,Inter,Barcellona,Chelsea,Inter,Bayern Monaco,Inter,Barcellona,Inter,marco,pareschi,11/09/1987,bollate,0::1170933455::12:17 08/02/2007::Marco;Pareschi;11/09/1987;Bollate
Chelsea,Arsenal,Lione,Real Madrid,Milan,Manchester United,Barcellona,Inter,Lione,Manchester United,Barcellona,Milan,Lione,Manchester United,Lione,alessandro,motta,31/07/1989,bollate,0::1170933553::12:19 08/02/2007::Alessandro;Motta;31/07/1989;Bollate
Milan,Arsenal,Barcellona,Real Madrid,Chelsea,Manchester United,Lione,Inter,Chelsea,Barcellona,Real Madrid,Inter,Real Madrid,Barcellona,Barcellona,mirko,marcandalli,14/12/1988,bollate,0::1170933653::12:20 08/02/2007::Mirko;Marcandalli;14/12/1988;Bollate
Chelsea,Arsenal,Lione,Real Madrid,Milan,Manchester United,Barcellona,Inter,Chelsea,Manchester United,Barcellona,Inter,Chelsea,Barcellona,Barcellona,mirko,padovani,09/06/1991,bollate,0::1170933737::12:22 08/02/2007::Mirko;Padovani;09/06/1991;Bollate
