Messico,Sudafrica,Argentina,Corea del Sud,Inghilterra,USA,Germania,Ghana,Giappone,Olanda,Slovacchia,Paraguay,Brasile,Portogallo,Spagna,Cile,Sudafrica,Argentina,Inghilterra,Germania,Giappone,Olanda,Brasile,Spagna,Inghilterra,Argentina,Brasile,Spagna,Inghilterra,Argentina,Argentina,ANTONIO,VISCIDO,03/08/1975,CALABRITTO,0::1273047387::10:16 05/05/2010::Antonio;Viscido;03/08/1975;Calabritto
Francia,Inghilterra,Olanda,Brasile,Uruguay,USA,Camerun,Portogallo,Argentina,Germania,Italia,Spagna,Nigeria,Serbia,Paraguay,Cile,Francia,Inghilterra,Germania,Argentina,Olanda,Brasile,Italia,Spagna,Brasile,Inghilterra,Germania,Spagna,Inghilterra,Spagna,Inghilterra,ROCCO,SCOLAMIERO,26/06/1985,Sant'Andrea di Conza,0::1273047405::10:16 05/05/2010::Rocco;Scolamiero;26/06/1985;Oliveto Citra Sa)
Francia,Inghilterra,Olanda,Portogallo,Uruguay,USA,Camerun,Brasile,Argentina,Ghana,Italia,Spagna,Nigeria,Germania,Paraguay,Cile,Nigeria,Germania,Olanda,Italia,Inghilterra,Argentina,Brasile,Spagna,Brasile,Inghilterra,Argentina,Spagna,Inghilterra,Spagna,Inghilterra,salvatore,merola,19/05/1988,caposele,0;Checked::1273060112::13:48 05/05/2010::Salvatore;Merola;19/05/1988;Caposele
Francia,Argentina,Inghilterra,Germania,Sudafrica,Nigeria,Algeria,Serbia,Olanda,Italia,Brasile,Spagna,Camerun,Paraguay,Portogallo,Cile,Francia,Germania,Olanda,Italia,Inghilterra,Argentina,Brasile,Spagna,Inghilterra,Brasile,Argentina,Spagna,Inghilterra,Argentina,Argentina,marco,ceres,25/04/1976,caposele,0;Checked::1273068608::16:10 05/05/2010::Marco;Ceres;25/04/1976;Caposele
Francia,Inghilterra,Olanda,Spagna,Sudafrica,USA,Danimarca,Svizzera,Argentina,Germania,Italia,Brasile,Nigeria,Australia,Nuova Zelanda,Portogallo,Brasile,Olanda,Portogallo,Germania,Spagna,Argentina,Sudafrica,Inghilterra,Inghilterra,Brasile,Spagna,Olanda,Spagna,Inghilterra,Inghilterra,nicola,melillo,07/04/1979,Caposele,0;Checked::1273077117::18:31 05/05/2010::Nicola;Melillo;07/04/1979;Oliveo Citra(sa)
Francia,Inghilterra,Olanda,Brasile,Uruguay,USA,Camerun,Costa D'Avorio,Argentina,Germania,Italia,Spagna,Nigeria,Ghana,Slovacchia,Svizzera,Argentina,Inghilterra,Olanda,Brasile,Nigeria,Germania,Italia,Spagna,Argentina,Germania,Olanda,Spagna,Argentina,Spagna,Spagna,Martijn,Nillesen,31/08/1973,Nimega (Olanda),0::1273172855::21:07 06/05/2010::Martijn;Nillesen;31/08/1973;Nimega
Uruguay,Inghilterra,Olanda,Spagna,Sudafrica,USA,Camerun,Cile,Argentina,Germania,Italia,Brasile,Nigeria,Australia,Paraguay,Portogallo,Uruguay,Germania,Olanda,Italia,Inghilterra,Argentina,Brasile,Portogallo,Inghilterra,Argentina,Brasile,Italia,Italia,Inghilterra,Italia,Fabrizio P.,Scopece,25/03/1979,Foggia,0::1273248642::18:10 07/05/2010::Fabrizio P.;Scopece;25/03/1979;Foggia
Messico,Inghilterra,Olanda,Brasile,Francia,Slovenia,Danimarca,Corea del Nord,Argentina,Germania,Italia,Spagna,Nigeria,Serbia,Slovacchia,Honduras,Francia,Inghilterra,Italia,Brasile,Argentina,Olanda,Germania,Spagna,Argentina,Brasile,Italia,Spagna,Italia,Spagna,Spagna,gerardo,forte,02/08/1988,laviano,0::1273259646::21:14 07/05/2010::Gerardo;Forte;02/08/1988;Laviano
Uruguay,Inghilterra,Olanda,Brasile,Francia,USA,Camerun,Portogallo,Argentina,Germania,Italia,Spagna,Nigeria,Ghana,Paraguay,Svizzera,Nigeria,Inghilterra,Germania,Argentina,Olanda,Brasile,Italia,Spagna,Brasile,Inghilterra,Germania,Spagna,Inghilterra,Spagna,Inghilterra,alfonso,pallante,24/08/1984,caposele,0;Checked::1273314136::12:22 08/05/2010::Alfonso;Pallante;24/08/1984;Caposele
Uruguay,USA,Olanda,Brasile,Messico,Inghilterra,Camerun,Corea del Nord,Argentina,Serbia,Italia,Spagna,Corea del Sud,Ghana,Paraguay,Cile,Messico,Inghilterra,Olanda,Spagna,Argentina,Ghana,Brasile,Cile,Argentina,Ghana,Brasile,Spagna,Argentina,Spagna,Argentina,alessandro,di stani,02/03/1989,fisciano,0::1273315200::12:40 08/05/2010::Alessandro;Di Stani;02/03/1989;Fisciano
Sudafrica,Inghilterra,Olanda,Brasile,Francia,USA,Danimarca,Costa D'Avorio,Argentina,Germania,Italia,Spagna,Nigeria,Australia,Paraguay,Cile,Francia,Germania,Olanda,Brasile,Argentina,Inghilterra,Italia,Spagna,Argentina,Inghilterra,Olanda,Brasile,Olanda,Brasile,Brasile,alfredo,la greca,04/12/1988,fisciano,0::1273315381::12:43 08/05/2010::Alfredo;La Greca;04/12/1988;Fisciano
Messico,Inghilterra,Olanda,Brasile,Sudafrica,USA,Camerun,Costa D'Avorio,Argentina,Germania,Italia,Spagna,Corea del Sud,Australia,Nuova Zelanda,Svizzera,Messico,Inghilterra,Olanda,Brasile,Argentina,Germania,Italia,Svizzera,Argentina,Inghilterra,Italia,Brasile,Italia,Inghilterra,Italia,Peppe ,Sessa,27/05/1988,fisciano,0::1273315720::12:48 08/05/2010::Peppe;Sessa;27/05/1988;Fisciano
Messico,Argentina,Inghilterra,Germania,Francia,Grecia,Slovenia,Serbia,Olanda,Paraguay,Brasile,Spagna,Danimarca,Slovacchia,Portogallo,Honduras,Messico,Argentina,Inghilterra,Serbia,Olanda,Slovacchia,Portogallo,Spagna,Olanda,Argentina,Inghilterra,Spagna,Olanda,Inghilterra,Olanda,Vincenzina,Del Priore,30/10/1989,fisciano,0::1273316002::12:53 08/05/2010::Vincenzina;Del Priore;30/10/1989;Fisciano
Francia,Messico,Argentina,Nigeria,Inghilterra,Slovenia,Germania,Ghana,Olanda,Camerun,Italia,Slovacchia,Brasile,Portogallo,Spagna,Svizzera,Francia,Inghilterra,Argentina,Italia,Germania,Brasile,Portogallo,Spagna,Inghilterra,Argentina,Brasile,Italia,Italia,Inghilterra,Italia,Raffaele,Colatrella,07/07/1984,Caposele,0;Checked::1273335099::18:11 08/05/2010::Raffaele;Colatrella;07/07/1984;Caposele
Francia,Argentina,Inghilterra,Germania,Uruguay,Grecia,USA,Australia,Olanda,Italia,Brasile,Spagna,Camerun,Paraguay,Portogallo,Svizzera,Francia,Inghilterra,Germania,Argentina,Olanda,Brasile,Italia,Spagna,Brasile,Francia,Germania,Spagna,Brasile,Spagna,Brasile,Pasquale,Ceres,13/10/1974,Caposele,0;Checked::1273343783::20:36 08/05/2010::Pasquale;Ceres;13/10/1974;Caposele
Francia,Argentina,Inghilterra,Germania,Sudafrica,Nigeria,USA,Serbia,Olanda,Italia,Brasile,Spagna,Camerun,Paraguay,Portogallo,Cile,Francia,Inghilterra,Germania,Argentina,Olanda,Brasile,Italia,Spagna,Brasile,Inghilterra,Germania,Spagna,Brasile,Spagna,Spagna,Giacomo,Cassioli,27/03/1970,Asciano,0::1273475974::09:19 10/05/2010::Giacomo;Cassioli;27/03/1970;Asciano
Sudafrica,Inghilterra,Olanda,Brasile,Francia,USA,Camerun,Portogallo,Argentina,Germania,Italia,Spagna,Nigeria,Ghana,Paraguay,Cile,Sudafrica,USA,Olanda,Italia,Inghilterra,Argentina,Brasile,Spagna,Inghilterra,Argentina,Brasile,Italia,Inghilterra,Italia,Inghilterra,Michele,Lugeri,30/09/1966,Roma,0::1273478845::10:07 10/05/2010::Michele;Lugeri;30/09/1966;Roma
Francia,Argentina,Inghilterra,Germania,Sudafrica,Grecia,USA,Serbia,Olanda,Italia,Brasile,Spagna,Camerun,Paraguay,Portogallo,Svizzera,Francia,Germania,Olanda,Portogallo,Inghilterra,Argentina,Brasile,Spagna,Inghilterra,Germania,Brasile,Spagna,Inghilterra,Spagna,Spagna,angelo,ceres,06/06/1980,caposele,0;Checked::1273507755::18:09 10/05/2010::Angelo;Ceres;06/06/1980;Caposele
Francia,Argentina,Inghilterra,Germania,Uruguay,Grecia,USA,Serbia,Olanda,Italia,Brasile,Spagna,Camerun,Paraguay,Portogallo,Svizzera,Francia,Inghilterra,Germania,Argentina,Olanda,Brasile,Italia,Spagna,Brasile,Inghilterra,Argentina,Italia,Argentina,Brasile,Brasile,MARCO,VALLARIO,11/01/1975,SANT'ANDREA DI CONZA,0::1273561881::09:11 11/05/2010::Marco;Vallario;11/01/1975;Sant'Andrea Di Conza
Francia,Inghilterra,Olanda,Brasile,Sudafrica,Algeria,Camerun,Costa D'Avorio,Argentina,Germania,Italia,Spagna,Nigeria,Serbia,Slovacchia,Cile,Nigeria,Olanda,Germania,Italia,Inghilterra,Brasile,Argentina,Spagna,Olanda,Inghilterra,Argentina,Italia,Inghilterra,Argentina,Argentina,Armando,Ciccone,15/07/1990,Caposele,0;Checked::1273591026::17:17 11/05/2010::Armando;Ciccone;15/07/1990;Caposele
Francia,Argentina,Inghilterra,Germania,Messico,Corea del Sud,USA,Serbia,Olanda,Italia,Brasile,Spagna,Camerun,Paraguay,Portogallo,Svizzera,Francia,Germania,Olanda,Brasile,Argentina,Inghilterra,Italia,Spagna,Olanda,Inghilterra,Argentina,Italia,Olanda,Italia,Olanda,Rosario,Mattera,01/11/1986,Forio,0::1273693510::21:45 12/05/2010::Rosario;Mattera;01/11/1986;Forio
Sudafrica,Argentina,Inghilterra,Germania,Francia,Nigeria,USA,Serbia,Olanda,Italia,Brasile,Spagna,Camerun,Paraguay,Portogallo,Svizzera,Sudafrica,Brasile,Italia,Germania,Francia,Argentina,Inghilterra,Spagna,Inghilterra,Spagna,Brasile,Argentina,Inghilterra,Brasile,Brasile,Vito,Russoniello,13/09/1986,Sant'andrea di conza,0::1273744701::11:58 13/05/2010::Vito;Russoniello;13/09/1986;Sant'Andrea Di Conza
Messico,Argentina,USA,Germania,Francia,Nigeria,Inghilterra,Serbia,Olanda,Italia,Brasile,Cile,Camerun,Paraguay,Portogallo,Spagna,Nigeria,Serbia,Inghilterra,Argentina,Olanda,Italia,Spagna,Portogallo,Serbia,Olanda,Inghilterra,Italia,Olanda,Inghilterra,Inghilterra,paolo,viscardi,14/06/1986,caposele,0;Checked::1273925562::14:12 15/05/2010::Paolo;Viscardi;14/06/1986;Caposele
Francia,Inghilterra,Olanda,Brasile,Sudafrica,USA,Danimarca,Portogallo,Argentina,Germania,Italia,Spagna,Nigeria,Serbia,Paraguay,Svizzera,Francia,Germania,Paraguay,Italia,Inghilterra,Argentina,Brasile,Spagna,Inghilterra,Germania,Brasile,Spagna,Brasile,Spagna,Spagna,Angela,Fuschetto,05/06/1984,Caposele,0;Checked::1274189751::15:35 18/05/2010::Angela;Fuschetto;05/06/1984;Caposele
Italia,USA,Camerun,Serbia,Paraguay,Nigeria,Uruguay,Portogallo,Inghilterra,Francia,Argentina,Spagna,Brasile,Olanda,Germania,Cile,Italia,Camerun,Argentina,Francia,Germania,Inghilterra,Spagna,Brasile,Italia,Spagna,Inghilterra,Brasile,Brasile,Inghilterra,Brasile,roberto,farina,07/07/1971,poggibonsi,0::1274268023::13:20 19/05/2010::Roberto;Farina;07/07/1971;Poggibonsi
Sudafrica,Inghilterra,Olanda,Brasile,Uruguay,Slovenia,Camerun,Portogallo,Argentina,Germania,Italia,Spagna,Corea del Sud,Serbia,Slovacchia,Honduras,Argentina,Italia,Inghilterra,Sudafrica,Brasile,Portogallo,Spagna,Uruguay,Brasile,Argentina,Inghilterra,Spagna,Brasile,Inghilterra,Inghilterra,Raffaele,Fiorentino,24/05/1977,Torre Annunziata,0::1274350483::12:14 20/05/2010::Raffaele;Fiorentino;24/05/1977;Torre Annunziata
Sudafrica,Inghilterra,Olanda,Brasile,Francia,USA,Camerun,Portogallo,Argentina,Germania,Italia,Spagna,Nigeria,Ghana,Paraguay,Cile,Francia,Inghilterra,Olanda,Brasile,Argentina,Germania,Italia,Spagna,Brasile,Spagna,Inghilterra,Italia,Brasile,Inghilterra,Inghilterra,Daniele,Raganelli,26/02/1975,Roma,0::1274444434::14:20 21/05/2010::Daniele;Raganelli;26/02/1975;Roma
Italia,Sudafrica,Germania,Brasile,Paraguay,Francia,Ghana,Corea del Nord,Inghilterra,Argentina,Olanda,Spagna,Algeria,Grecia,Camerun,Cile,Italia,Brasile,Inghilterra,Argentina,Sudafrica,Spagna,Paraguay,Cile,Spagna,Brasile,Italia,Inghilterra,Italia,Brasile,Italia,Andrea,Bossetti,05/10/1994,garbagnate milanese,0::1274464891::20:01 21/05/2010::Andrea;Bossetti;05/10/1994;Garbagnate Milanese
Sudafrica,Inghilterra,Olanda,Spagna,Francia,USA,Danimarca,Svizzera,Argentina,Germania,Brasile,Italia,Nigeria,Serbia,Costa D'Avorio,Paraguay,Inghilterra,Spagna,Brasile,Sudafrica,Germania,Olanda,Argentina,Italia,Inghilterra,Spagna,Brasile,Argentina,Spagna,Brasile,Spagna,Lello,Viscardi,20/01/1979,Caposele,0;Checked::1274523691::12:21 22/05/2010::Lello;Viscardi;20/01/1979;Caposele
Uruguay,Inghilterra,Olanda,Brasile,Francia,USA,Giappone,Costa D'Avorio,Argentina,Germania,Italia,Spagna,Corea del Sud,Serbia,Paraguay,Svizzera,Olanda,Spagna,Uruguay,Inghilterra,Paraguay,Brasile,Argentina,Germania,Olanda,Inghilterra,Germania,Spagna,Olanda,Spagna,Spagna,Lucien,Mulders,06/09/1978,Velden (Olanda),0::1274548662::19:17 22/05/2010::Lucien;Mulders;06/09/1978;Velden Olanda)
Sudafrica,Inghilterra,Olanda,Brasile,Francia,Slovenia,Camerun,Costa D'Avorio,Argentina,Germania,Italia,Spagna,Nigeria,Ghana,Slovacchia,Svizzera,Nigeria,Olanda,Argentina,Camerun,Inghilterra,Brasile,Germania,Spagna,Inghilterra,Olanda,Argentina,Spagna,Inghilterra,Spagna,Inghilterra,Gerardo,Donatiello,21/05/1989,Caposele,0;Checked::1274705668::14:54 24/05/2010::Gerardo;Donatiello;21/05/1989;Caposele
Francia,Inghilterra,Olanda,Brasile,Sudafrica,Slovenia,Danimarca,Portogallo,Argentina,Germania,Italia,Spagna,Corea del Sud,Serbia,Paraguay,Cile,Francia,Inghilterra,Olanda,Brasile,Argentina,Germania,Italia,Spagna,Argentina,Inghilterra,Brasile,Olanda,Brasile,Inghilterra,Brasile,Elena,Nesta,21/10/1980,Caposele,0;Checked::1274970328::16:25 27/05/2010::Elena;Nesta;21/10/1980;Caposele Av)
Messico,Inghilterra,Olanda,Brasile,Francia,USA,Camerun,Portogallo,Argentina,Germania,Italia,Spagna,Grecia,Ghana,Paraguay,Svizzera,Inghilterra,Spagna,Italia,Paraguay,Brasile,Olanda,Portogallo,Francia,Inghilterra,Brasile,Spagna,Olanda,Brasile,Inghilterra,Inghilterra,salvatore,lechiara,12/05/1992,baranzate,0::1274974014::17:26 27/05/2010::Salvatore;Lechiara;12/05/1992;Baranzate
USA,Italia,Francia,Olanda,Inghilterra,Paraguay,Portogallo,Danimarca,Spagna,Nigeria,Serbia,Sudafrica,Germania,Argentina,Brasile,Cile,Germania,Italia,Argentina,Olanda,Danimarca,Inghilterra,Brasile,Nigeria,Germania,Italia,Inghilterra,Argentina,Argentina,Inghilterra,Inghilterra,Peter,Redmann,28/04/1981,Caput Sylaris,0::1274980394::19:13 27/05/2010::Peter;Redmann;28/04/1981;Caput Sylaris
Uruguay,Argentina,Inghilterra,Germania,Francia,Grecia,USA,Ghana,Olanda,Italia,Brasile,Spagna,Camerun,Slovacchia,Portogallo,Svizzera,Uruguay,Inghilterra,Germania,Argentina,Olanda,Brasile,Italia,Spagna,Brasile,Inghilterra,Germania,Italia,Inghilterra,Italia,Inghilterra,Gelsomino,Merola,01/06/1989,Caposele,0;Checked::1274982320::19:45 27/05/2010::Gelsomino;Merola;01/06/1989;Caposele
Francia,Olanda,Portogallo,Uruguay,Argentina,Danimarca,Spagna,Grecia,Inghilterra,Italia,Paraguay,USA,Germania,Brasile,Cile,Ghana,Brasile,Inghilterra,Italia,Spagna,Germania,Francia,Argentina,Portogallo,Inghilterra,Italia,Spagna,Argentina,Inghilterra,Argentina,Inghilterra,nicola,di popolo,10/04/1982,calabritto,0::1274988366::21:26 27/05/2010::Nicola;Di Popolo;10/04/1982;Calabritto
Francia,Inghilterra,Olanda,Brasile,Sudafrica,USA,Camerun,Portogallo,Argentina,Germania,Italia,Spagna,Nigeria,Ghana,Paraguay,Svizzera,Francia,Inghilterra,Olanda,Brasile,Argentina,Germania,Italia,Spagna,Argentina,Inghilterra,Italia,Brasile,Italia,Inghilterra,Italia,Antonio,Ciaglia,22/07/1976,Napoli,0::1275033865::10:04 28/05/2010::Antonio;Ciaglia;22/07/1976;Napoli
Argentina,Spagna,Nigeria,Serbia,Francia,Costa D'Avorio,Inghilterra,Olanda,Italia,Svizzera,Slovenia,Camerun,Brasile,Uruguay,Germania,Slovacchia,Brasile,Argentina,Italia,Serbia,Germania,Spagna,Inghilterra,Costa D'Avorio,Brasile,Argentina,Italia,Inghilterra,Italia,Inghilterra,Italia,Giuseppe,Megaro,22/11/1980,Calabritto,0::1275043067::12:37 28/05/2010::Giuseppe;Megaro;22/11/1980;Calabritto
Francia,Olanda,Spagna,Danimarca,Argentina,Italia,Sudafrica,Slovacchia,Inghilterra,Brasile,Grecia,Algeria,Germania,Portogallo,Serbia,Ghana,Argentina,Italia,Spagna,Grecia,Inghilterra,Brasile,Olanda,Germania,Brasile,Spagna,Inghilterra,Olanda,Argentina,Spagna,Argentina,Giovanni,Viscardi,14/06/1994,Caposele,0;Checked::1275069513::19:58 28/05/2010::
Francia,Argentina,Inghilterra,Germania,Uruguay,Nigeria,USA,Australia,Olanda,Italia,Brasile,Spagna,Camerun,Paraguay,Costa D'Avorio,Svizzera,Francia,Italia,Inghilterra,Germania,Olanda,Brasile,Costa D'Avorio,Spagna,Brasile,Inghilterra,Germania,Spagna,Brasile,Inghilterra,Brasile,Luigi,Russoniello,13/05/1988,Sant'Andrea di Conza,0::1275115689::08:48 29/05/2010::Luigi;Russoniello;13/05/1988;S'Ant'Andrea Di Conza
Francia,Inghilterra,Olanda,Brasile,Uruguay,USA,Camerun,Costa D'Avorio,Argentina,Serbia,Italia,Spagna,Nigeria,Germania,Paraguay,Cile,Inghilterra,Brasile,Costa D'Avorio,Germania,Spagna,Uruguay,Serbia,Olanda,Inghilterra,Brasile,Germania,Uruguay,Inghilterra,Brasile,Inghilterra,riccardo,brusati,27/01/1993,bollate,0::1275119467::09:51 29/05/2010::Riccardo;Brusati;27/01/1993;Bollate
Francia,Argentina,Inghilterra,Germania,Messico,Corea del Sud,Algeria,Australia,Olanda,Italia,Brasile,Spagna,Camerun,Paraguay,Portogallo,Svizzera,Brasile,Camerun,Germania,Argentina,Spagna,Inghilterra,Olanda,Francia,Brasile,Spagna,Inghilterra,Germania,Inghilterra,Brasile,Brasile,Nicolò,Grazi,05/12/1993,Senago,0::1275120230::10:03 29/05/2010::Nicolò;Grazi;05/12/1993;Senago
Uruguay,Argentina,Inghilterra,Germania,Francia,Nigeria,USA,Ghana,Danimarca,Italia,Brasile,Spagna,Olanda,Slovacchia,Portogallo,Svizzera,Nigeria,Germania,Italia,Brasile,Inghilterra,Argentina,Olanda,Spagna,Brasile,Inghilterra,Argentina,Italia,Inghilterra,Argentina,Inghilterra,Nicola,Cirillo,21/10/1980,Caposele,0;Checked::1275128352::12:19 29/05/2010::Nicola;Cirillo;21/10/1980;Caposele
Sudafrica,Inghilterra,Olanda,Brasile,Francia,USA,Camerun,Portogallo,Argentina,Germania,Italia,Spagna,Nigeria,Australia,Paraguay,Svizzera,Sudafrica,Inghilterra,Olanda,Brasile,Francia,Germania,Italia,Spagna,Inghilterra,Germania,Olanda,Spagna,Inghilterra,Olanda,Inghilterra,Alessandro,Pometto,04/12/1992,Bollate,0::1275145118::16:58 29/05/2010::Alessandro;Pometto;04/12/1992;Bollate
Francia,Argentina,Inghilterra,Germania,Messico,Nigeria,USA,Ghana,Olanda,Italia,Brasile,Spagna,Camerun,Slovacchia,Portogallo,Svizzera,Francia,Argentina,Inghilterra,Germania,Olanda,Italia,Brasile,Portogallo,Inghilterra,Argentina,Olanda,Italia,Inghilterra,Olanda,Inghilterra,Andrea,Cacioppo,21/09/1993,Senago,0::1275152996::19:09 29/05/2010::Andrea;Cacioppo;21/09/1993;Senago
Francia,Inghilterra,Olanda,Brasile,Sudafrica,USA,Camerun,Portogallo,Argentina,Germania,Paraguay,Spagna,Nigeria,Ghana,Italia,Honduras,Nigeria,Germania,Olanda,Paraguay,Inghilterra,Sudafrica,Brasile,Spagna,Brasile,Inghilterra,Germania,Spagna,Brasile,Spagna,Brasile,maurizio,brusati,17/03/1958,bollate,0::1275222764::14:32 30/05/2010::Maurizio;Brusati;17/03/1958;Bollate
Sudafrica,Inghilterra,Olanda,Brasile,Francia,USA,Camerun,Portogallo,Argentina,Germania,Italia,Spagna,Nigeria,Australia,Paraguay,Svizzera,Francia,Inghilterra,Spagna,Italia,Argentina,Germania,Portogallo,Brasile,Argentina,Germania,Inghilterra,Italia,Italia,Inghilterra,Italia,gerardo,viscido,16/08/1990,caposele,0;Checked::1275240423::19:27 30/05/2010::Gerardo;Viscido;16/08/1990;Caposele
Sudafrica,Nigeria,Inghilterra,Germania,Francia,Argentina,USA,Ghana,Olanda,Italia,Brasile,Cile,Camerun,Slovacchia,Portogallo,Spagna,Francia,Spagna,Brasile,Argentina,Olanda,Inghilterra,Germania,Italia,Spagna,Inghilterra,Italia,Argentina,Argentina,Spagna,Spagna,stefano,zerbino,29/04/1991,rho,0::1275244560::20:36 30/05/2010::Stefano;Zerbino;29/04/1991;Rho
Spagna,Italia,Inghilterra,Messico,Brasile,Portogallo,Nuova Zelanda,Grecia,Francia,Olanda,Argentina,Australia,Germania,USA,Svizzera,Giappone,Brasile,Spagna,Francia,Italia,Argentina,Portogallo,Olanda,Germania,Spagna,Brasile,Germania,Francia,Spagna,Brasile,Spagna,NICOLA,CICCONE,15/12/1983,CAPOSELE,0;Checked::1275292922::10:02 31/05/2010::Nicola;Ciccone;15/12/1983;Caposele
Francia,Inghilterra,Olanda,Brasile,Sudafrica,USA,Camerun,Portogallo,Argentina,Germania,Italia,Spagna,Nigeria,Serbia,Slovacchia,Cile,Francia,USA,Olanda,Italia,Inghilterra,Argentina,Brasile,Spagna,Brasile,Inghilterra,Argentina,Spagna,Brasile,Spagna,Brasile,michele,zaccari,03/05/1975,ROMA,0::1275319815::17:30 31/05/2010::Michele;Zaccari;03/05/1975;Roma
Francia,Inghilterra,Olanda,Brasile,Sudafrica,USA,Camerun,Portogallo,Argentina,Germania,Italia,Spagna,Nigeria,Ghana,Slovacchia,Cile,Francia,USA,Olanda,Italia,Inghilterra,Argentina,Brasile,Spagna,Olanda,Inghilterra,Argentina,Italia,Olanda,Italia,Italia,Luigi,Russomanno,10/01/1990,Caposele,0;Checked::1275407410::17:50 01/06/2010::Luigi;Russomanno;10/01/1990;Caposele
Francia,Inghilterra,Olanda,Brasile,Sudafrica,USA,Danimarca,Portogallo,Argentina,Germania,Italia,Spagna,Grecia,Ghana,Paraguay,Svizzera,Francia,Germania,Olanda,Italia,Inghilterra,Argentina,Brasile,Spagna,Brasile,Inghilterra,Argentina,Spagna,Inghilterra,Spagna,Inghilterra,Gerardo,Monteverde,16/12/1990,Caposele,0;Checked::1275408011::18:00 01/06/2010::Gerardo;Monteverde;16/12/1990;Caposele
Francia,Nigeria,Spagna,Paraguay,Inghilterra,Italia,Germania,USA,Uruguay,Olanda,Australia,Danimarca,Argentina,Portogallo,Brasile,Cile,Francia,Germania,Olanda,Italia,Inghilterra,Argentina,Brasile,Spagna,Olanda,Inghilterra,Argentina,Spagna,Inghilterra,Spagna,Inghilterra,simone ,micheli,27/09/1985,NOVATE MILANESE,0::1275503066::20:24 02/06/2010::Simone;Micheli;27/09/1985;Novatemilanese
Sudafrica,Nigeria,Inghilterra,Germania,Francia,Argentina,USA,Ghana,Olanda,Italia,Brasile,Spagna,Camerun,Paraguay,Portogallo,Cile,Sudafrica,Inghilterra,Germania,Nigeria,Paraguay,Brasile,Italia,Spagna,Brasile,Inghilterra,Germania,Spagna,Brasile,Spagna,Brasile,Claudio,Giordano,10/11/1962,Vena di Maida (CZ),0::1275503127::20:25 02/06/2010::Claudio;Giordano;10/11/1962;Vena Di Maida Cz)
Francia,Inghilterra,Olanda,Brasile,Messico,Slovenia,Danimarca,Portogallo,Argentina,Germania,Italia,Spagna,Grecia,Serbia,Slovacchia,Svizzera,Francia,Inghilterra,Olanda,Spagna,Argentina,Germania,Italia,Brasile,Inghilterra,Spagna,Olanda,Brasile,Inghilterra,Olanda,Olanda,MARCO ,VERONOLI,13/04/1979,BOLLATE,0::1275516044::00:00 03/06/2010::Marco;Veronoli;13/04/1979;Bollate
Francia,Inghilterra,Olanda,Brasile,Messico,Slovenia,Camerun,Portogallo,Argentina,Germania,Italia,Spagna,Nigeria,Ghana,Paraguay,Cile,Francia,Brasile,Olanda,Spagna,Inghilterra,Italia,Germania,Ghana,Inghilterra,Spagna,Italia,Brasile,Inghilterra,Brasile,Inghilterra,vincenzo ,carbonara,28/02/1979,milano,0::1275567142::14:12 03/06/2010::Vincenzo;Carbonara;28/02/1979;Milano
Sudafrica,Inghilterra,Olanda,Brasile,Francia,Slovenia,Camerun,Portogallo,Argentina,Germania,Italia,Spagna,Nigeria,Serbia,Slovacchia,Cile,Francia,Germania,Camerun,Brasile,Argentina,Serbia,Italia,Spagna,Argentina,Germania,Camerun,Brasile,Argentina,Brasile,Argentina,michele,segreto,02/07/1957,nova milanese,0::1275579287::17:34 03/06/2010::Michele;Segreto;02/07/1957;Nova Milanese
Sudafrica,Inghilterra,Olanda,Brasile,Francia,USA,Danimarca,Portogallo,Argentina,Germania,Italia,Spagna,Grecia,Australia,Paraguay,Cile,Francia,Inghilterra,Italia,Brasile,Argentina,Germania,Paraguay,Spagna,Brasile,Francia,Argentina,Spagna,Spagna,Brasile,Spagna,Mirco,Gaudiano,28/02/1986,Cesate,0::1275582487::18:28 03/06/2010::Mirco;Gaudiano;28/02/1986;Cesate
Francia,Inghilterra,Olanda,Brasile,Uruguay,USA,Camerun,Portogallo,Argentina,Germania,Italia,Spagna,Nigeria,Serbia,Slovacchia,Cile,Inghilterra,Germania,Brasile,Argentina,Italia,Spagna,Olanda,Francia,Spagna,Brasile,Inghilterra,Germania,Spagna,Inghilterra,Inghilterra,salvatore,ferraro,05/10/1991,ragusa,0::1275582671::18:31 03/06/2010::Salvatore;Ferraro;05/10/1991;Ragusa
Francia,Inghilterra,Olanda,Brasile,Sudafrica,USA,Camerun,Portogallo,Argentina,Australia,Italia,Spagna,Grecia,Germania,Paraguay,Svizzera,Inghilterra,Argentina,Italia,Olanda,Spagna,Brasile,Francia,Sudafrica,Inghilterra,Argentina,Brasile,Spagna,Inghilterra,Spagna,Spagna,angelo,accar,19/12/1981,caronno varesino,0::1275584052::18:54 03/06/2010::Angelo;Accar;19/12/1981;Caronno Varesino
Francia,Germania,Olanda,Italia,Nigeria,USA,Paraguay,Camerun,Inghilterra,Argentina,Brasile,Spagna,Australia,Sudafrica,Svizzera,Portogallo,Olanda,Francia,Argentina,Spagna,Brasile,Inghilterra,Germania,Italia,Inghilterra,Brasile,Germania,Italia,Brasile,Italia,Brasile,Gelsomino,Fungaroli, 03/11/1948,Calabritto,0::1275611845::02:37 04/06/2010::Gelsomino;Fungaroli;03/11/1948;Calabritto
Messico,Francia,Argentina,Nigeria,Inghilterra,USA,Germania,Serbia,Olanda,Camerun,Italia,Paraguay,Brasile,Portogallo,Spagna,Cile,Messico,Inghilterra,Germania,Argentina,Olanda,Brasile,Italia,Spagna,Inghilterra,Brasile,Argentina,Spagna,Inghilterra,Argentina,Argentina,Luca ,D'Ortona,15/08/1979,Bollate,0::1275737492::13:31 05/06/2010::Luca;D'Ortona;15/08/1979;Bollate
Francia,Argentina,Inghilterra,Germania,Messico,Grecia,USA,Serbia,Olanda,Italia,Portogallo,Spagna,Danimarca,Paraguay,Brasile,Cile,Francia,Germania,Olanda,Italia,Inghilterra,Argentina,Portogallo,Brasile,Inghilterra,Argentina,Portogallo,Brasile,Argentina,Brasile,Argentina,Mauro,Laurenziello,25/09/1983,Pescopagano,0::1275902629::11:23 07/06/2010::Mauro;Laurenziello;25/09/1983;Pescopagano
Sudafrica,Inghilterra,Olanda,Brasile,Uruguay,USA,Camerun,Portogallo,Argentina,Germania,Italia,Spagna,Nigeria,Serbia,Paraguay,Svizzera,Argentina,Inghilterra,Italia,Portogallo,Germania,Spagna,Olanda,Svizzera,Argentina,Inghilterra,Spagna,Italia,Italia,Inghilterra,Italia,giuseppe,di trolio,15/03/1969,battipaglia,0::1275905196::12:06 07/06/2010::Giuseppe;Di Trolio;15/03/1969;Battipaglia
Uruguay,Argentina,Inghilterra,Germania,Francia,Grecia,USA,Serbia,Olanda,Italia,Brasile,Spagna,Danimarca,Slovacchia,Portogallo,Cile,Grecia,Germania,Olanda,Italia,Inghilterra,Argentina,Brasile,Spagna,Brasile,Inghilterra,Argentina,Italia,Brasile,Italia,Italia,Donato,Peccatiello,08/05/1970,Caposele,0;Checked::1275910396::13:33 07/06/2010::Donato;Peccatiello;08/05/1970;Caposele
Francia,Argentina,Inghilterra,Germania,Sudafrica,Nigeria,USA,Ghana,Olanda,Italia,Brasile,Spagna,Camerun,Paraguay,Portogallo,Svizzera,Francia,Germania,Olanda,Italia,Inghilterra,Argentina,Brasile,Spagna,Brasile,Francia,Germania,Spagna,Brasile,Spagna,Brasile,Salvatore,Corona,25/10/1968,Caposele,0;Checked::1275912562::14:09 07/06/2010::Salvatore;Corona;25/10/1968;Caposele
Francia,Messico,Argentina,Grecia,Inghilterra,USA,Germania,Ghana,Olanda,Danimarca,Italia,Nuova Zelanda,Brasile,Portogallo,Svizzera,Cile,Francia,Messico,Inghilterra,Germania,Olanda,Italia,Brasile,Portogallo,Inghilterra,Germania,Brasile,Italia,Germania,Brasile,Germania,Adriana,Luongo,09/05/1980,Caposele,0;Checked::1275922492::16:54 07/06/2010::Adriana;Luongo;09/05/1980;Caposele
Francia,Inghilterra,Camerun,Portogallo,Sudafrica,Slovenia,Olanda,Brasile,Argentina,Germania,Italia,Spagna,Nigeria,Ghana,Paraguay,Cile,Francia,Germania,Camerun,Italia,Inghilterra,Sudafrica,Brasile,Spagna,Brasile,Inghilterra,Sudafrica,Spagna,Brasile,Spagna,Brasile,Roberto,Notaro,15/01/1977,Caposele,0;Checked::1275932641::19:44 07/06/2010::Roberto;Notaro;15/01/1977;Caposele
Sudafrica,Inghilterra,Olanda,Brasile,Uruguay,USA,Giappone,Portogallo,Argentina,Germania,Italia,Spagna,Nigeria,Australia,Paraguay,Svizzera,Argentina,Germania,Olanda,Portogallo,Inghilterra,Italia,Brasile,Spagna,Argentina,Germania,Italia,Brasile,Brasile,Germania,Brasile,donatello,cirillo,12/09/1977,caposele,0;Checked::1275933718::20:01 07/06/2010::Donatello;Cirillo;12/09/1977;Caposele
Messico,Inghilterra,Olanda,Brasile,Sudafrica,USA,Danimarca,Portogallo,Argentina,Germania,Italia,Spagna,Nigeria,Ghana,Paraguay,Svizzera,Nigeria,Inghilterra,Germania,Italia,Argentina,Olanda,Brasile,Spagna,Olanda,Inghilterra,Argentina,Spagna,Inghilterra,Spagna,Spagna,Donato,Gervasio,22/10/1985,Caposele,0;Checked::1275957741::02:42 08/06/2010::Donato;Gervasio;22/10/1985;Caposele
Sudafrica,Messico,Argentina,Nigeria,Inghilterra,USA,Germania,Serbia,Olanda,Camerun,Slovacchia,Italia,Brasile,Portogallo,Spagna,Cile,Inghilterra,Italia,Brasile,Sudafrica,Argentina,Germania,Spagna,Slovacchia,Argentina,Brasile,Spagna,Inghilterra,Argentina,Inghilterra,Inghilterra,Ernesto,Donatiello,07/03/1983,Caposele,0;Checked::1275985367::10:22 08/06/2010::Ernesto;Donatiello;07/03/1983;Caposele
Sudafrica,Argentina,USA,Germania,Francia,Corea del Sud,Slovenia,Serbia,Camerun,Italia,Brasile,Cile,Olanda,Paraguay,Portogallo,Svizzera,Corea del Sud,Germania,Italia,Camerun,USA,Francia,Brasile,Portogallo,Corea del Sud,Germania,Italia,Camerun,Germania,Italia,Italia,Francesco,Rotonda,19/07/1989,Conza della Campania,0::1275986276::10:37 08/06/2010::Francesco;Rotonda;19/07/1989;Conza Della Campania
Francia,USA,Olanda,Brasile,Sudafrica,Inghilterra,Camerun,Portogallo,Argentina,Germania,Italia,Spagna,Grecia,Australia,Paraguay,Cile,Francia,Germania,Olanda,Brasile,Inghilterra,Argentina,Italia,Spagna,Olanda,Inghilterra,Argentina,Spagna,Inghilterra,Argentina,Argentina,Carmine,Moretto,02/11/1981,Calabritto,0::1275997530::13:45 08/06/2010::Carmine;Moretto;02/11/1981;Calabritto
#Sudafrica,Uruguay,Algeria,Ghana,Honduras,Svizzera,Corea del Sud,Olanda,Slovacchia,Costa D'Avorio,Paraguay,Serbia,Grecia,USA,Danimarca,Brasile,Sudafrica,Uruguay,Algeria,Francia,Spagna,Argentina,Brasile,Portogallo,Argentina,Uruguay,Spagna,Algeria,Uruguay,Algeria,Algeria,pippo,baudo,07/06/1936,Militello in Val di Catania,0::1275998384::13:59 08/06/2010::Pippo;Baudo;07/06/1936;Militello In Val Di Catania
Francia,USA,Olanda,Spagna,Uruguay,Inghilterra,Giappone,Cile,Argentina,Germania,Italia,Brasile,Nigeria,Australia,Slovacchia,Portogallo,Italia,Francia,Brasile,Inghilterra,Olanda,Germania,Spagna,Argentina,Italia,Argentina,Brasile,Francia,Italia,Argentina,Italia,Gerardo,Brasiello,23/11/1981,Napoli,0::1276010031::17:13 08/06/2010::Gerardo;Brasiello;23/11/1981;Napoli
Uruguay,Argentina,Inghilterra,Germania,Francia,Grecia,Slovenia,Ghana,Olanda,Italia,Brasile,Spagna,Danimarca,Paraguay,Portogallo,Cile,Francia,Argentina,Inghilterra,Spagna,Uruguay,Italia,Brasile,Germania,Italia,Inghilterra,Spagna,Argentina,Argentina,Inghilterra,Argentina,Pasquale,Restaino,23/05/1984,Caposele,0;Checked::1276012890::18:01 08/06/2010::Pasquale;Restaino;23/05/1984;Caposele
#Francia,Inghilterra,Olanda,Brasile,Sudafrica,USA,Danimarca,Portogallo,Argentina,Germania,Italia,Spagna,Grecia,Ghana,Nuova Zelanda,Svizzera,Inghilterra,Sudafrica,Portogallo,Brasile,Germania,Grecia,Spagna,Olanda,Sudafrica,Inghilterra,Spagna,Brasile,Inghilterra,Spagna,Spagna,andrey,shalimov,12/02/1993,saratov,0::1276026418::21:46 08/06/2010::Andrey;Shalimov;12/02/1993;Saratov
Messico,Grecia,Inghilterra,USA,Serbia,Ghana,Olanda,Camerun,Sudafrica,Italia,Paraguay,Costa D'Avorio,Portogallo,Argentina,Spagna,Cile,Olanda,Portogallo,Inghilterra,Messico,Argentina,USA,Paraguay,Spagna,Olanda,Inghilterra,Argentina,Spagna,Inghilterra,Argentina,Inghilterra,Gerardo,Notaro,27/05/1974,CAPOSELE,0;Checked::1276067528::09:12 09/06/2010::Gerardo;Notaro;27/05/1974;Caposele
Uruguay,Inghilterra,Danimarca,Brasile,Francia,Algeria,Olanda,Portogallo,Argentina,Ghana,Italia,Spagna,Nigeria,Germania,Slovacchia,Svizzera,Argentina,Inghilterra,Spagna,Italia,Brasile,Olanda,Portogallo,Uruguay,Argentina,Brasile,Spagna,Inghilterra,Brasile,Spagna,Brasile,marcello ,rizzolo,08/02/1958,calabritto,0::1276069074::09:37 09/06/2010::Marcello;Rizzolo;08/02/1958;Calabritto
Sudafrica,Inghilterra,Olanda,Brasile,Francia,USA,Camerun,Portogallo,Argentina,Germania,Italia,Spagna,Nigeria,Ghana,Paraguay,Cile,Sudafrica,Inghilterra,Olanda,Brasile,Argentina,Germania,Italia,Spagna,Sudafrica,Inghilterra,Brasile,Spagna,Brasile,Spagna,Spagna,Mitzi,Puccio,26/09/1974,Torino,0::1276081327::13:02 09/06/2010::Mitzi;Puccio;26/09/1974;Torino
