Portogallo,Germania,Francia,Spagna,Irlanda,Inghilterra,Italia,Russia,Portogallo,Germania,Francia,Italia,Germania,Italia,Italia,Marco,Ceres,25/04/1976,Caposele,0100301010301090101;Checked::1209938622::00:03 05/05/2008::Marco;Ceres;25/04/1976;Caposele
Danimarca,Germania,Olanda,Spagna,Portogallo,Polonia,Italia,Grecia,Danimarca,Portogallo,Olanda,Spagna,Portogallo,Spagna,Portogallo,Enrico,Landi,25/07/1978,Lancusi,0::1209988533::13:55 05/05/2008::Enrico;Landi;25/07/1978;Lancusi
Repubblica Ceca,Croazia,Olanda,Spagna,Portogallo,Germania,Francia,Svezia,Germania,Portogallo,Olanda,Francia,Germania,Francia,Germania,Giacomo,Petrillo,17/08/1977,Prata,0::1209988829::14:00 05/05/2008::Giacomo;Petrillo;17/08/1977;Prata
Spagna,Italia,Croazia,Portogallo,Svezia,Francia,Germania,Danimarca,Croazia,Germania,Italia,Spagna,Germania,Italia,Italia,MARCO,VALLARIO,11/01/1975,SANT'ANDREA DI CONZA,0::1210005595::18:39 05/05/2008::Marco;Vallario;11/01/1975;Sant'Andrea Di Conza
Portogallo,Germania,Italia,Spagna,Irlanda,Croazia,Francia,Svezia,Portogallo,Germania,Italia,Spagna,Portogallo,Italia,Italia,Fabrizio P.,Scopece,25/03/1979,Foggia,0::1210010116::19:55 05/05/2008::Fabrizio P.;Scopece;25/03/1979;Foggia
Repubblica Ceca,Germania,Francia,Spagna,Portogallo,Polonia,Olanda,Svezia,Polonia,Portogallo,Francia,Spagna,Portogallo,Francia,Francia,angelo,ceres,06/06/1980,caposele,0120301060401100301;Checked::1210010873::20:07 05/05/2008::Angelo;Ceres;06/06/1980;Caposele
Portogallo,Germania,Italia,Spagna,Danimarca,Croazia,Francia,Svezia,Portogallo,Germania,Italia,Spagna,Portogallo,Italia,Italia,salvatore,merola,19/05/1988,caposele,0030301120200060200;Checked::1210011774::20:22 05/05/2008::Salvatore;Merola;19/05/1988;Caposele
Portogallo,Germania,Italia,Spagna,Danimarca,Polonia,Francia,Russia,Italia,Spagna,Francia,Germania,Spagna,Francia,Spagna,Giacomo,Cassioli,27/03/1970,Asciano,0::1210151290::11:08 07/05/2008::Giacomo;Cassioli;27/03/1970;Asciano
Germania,Italia,Francia,Croazia,Repubblica Ceca,Portogallo,Spagna,Svezia,Portogallo,Germania,Italia,Francia,Germania,Italia,Italia,ROCCO,SCOLAMIERO,26/06/1985,SANT'ANDREA DI CONZA,0::1210323102::10:51 09/05/2008::Rocco;Scolamiero;26/06/1985;Oliveto Citra Sa)
Danimarca,Italia,Portogallo,Germania,Inghilterra,Francia,Spagna,Svezia,Francia,Spagna,Germania,Italia,Francia,Spagna,Francia,NICOLA,MELILLO,07/04/1979,CAPOSELE,0030301010301100301;Checked::1210358720::20:45 09/05/2008::Nicola;Melillo;07/04/1979;Caposele
Portogallo,Germania,Francia,Spagna,Irlanda,Polonia,Italia,Svezia,Portogallo,Germania,Francia,Italia,Germania,Italia,Italia,domenico,savone,12/09/1986,milano,0::1210498578::11:36 11/05/2008::Domenico;Savone;12/09/1986;Milano
Italia,Olanda,Germania,Croazia,Portogallo,Repubblica Ceca,Spagna,Grecia,Italia,Portogallo,Spagna,Croazia,Portogallo,Spagna,Spagna,Mauro,Gaudiano,15/09/1990,Bollate,0::1211024297::13:38 17/05/2008::Mauro;Gaudiano;15/09/1990;Bollate
Portogallo,Germania,Italia,Spagna,Danimarca,Polonia,Francia,Svezia,Portogallo,Germania,Italia,Spagna,Germania,Italia,Italia,Fabio,Borean,22/09/1974,Torino,0::1211275072::11:17 20/05/2008::Fabio;Borean;22/09/1974;Torino
Danimarca,Germania,Italia,Svezia,Portogallo,Croazia,Francia,Spagna,Danimarca,Italia,Spagna,Svezia,Spagna,Italia,Spagna,RAFFAELE,FIORENTINO,24/05/1977,TORRE ANNUNZIATA,0::1211308890::20:41 20/05/2008::Raffaele;Fiorentino;24/05/1977;Torre Annunziata
Portogallo,Croazia,Italia,Svezia,Irlanda,Germania,Olanda,Spagna,Portogallo,Croazia,Italia,Spagna,Portogallo,Italia,Italia,paolo,viscardi,14/06/1986,caposele,0060401110100020201;Checked::1211412706::01:31 22/05/2008::Paolo;Viscardi;14/06/1986;Caposele
Portogallo,Germania,Italia,Spagna,Repubblica Ceca,Croazia,Olanda,Grecia,Portogallo,Germania,Italia,Grecia,Portogallo,Italia,Portogallo,raffaele,lardieri,13/05/1985,teora,0::1211836149::23:09 26/05/2008::Raffaele;Lardieri;13/05/1985;Teora
Portogallo,Germania,Italia,Spagna,Danimarca,Croazia,Olanda,Grecia,Portogallo,Danimarca,Italia,Spagna,Portogallo,Italia,Italia,Carmine,Sasso,07/12/1984,Pagani,0::1211909125::19:25 27/05/2008::Carmine;Sasso;07/12/1984;Pagani
Repubblica Ceca,Germania,Italia,Spagna,Portogallo,Croazia,Francia,Russia,Portogallo,Germania,Italia,Francia,Germania,Italia,Italia,Alfonso,Pallante,24/08/1984,Caposele,0110300010301050401;Checked::1211910429::19:47 27/05/2008::Alfonso;Pallante;24/08/1984;Caposele
Danimarca,Germania,Olanda,Spagna,Irlanda,Croazia,Italia,Svezia,Danimarca,Germania,Olanda,Italia,Danimarca,Italia,Danimarca,theytaz,emmanuel,03/07/1969,vissoie,0::1211918195::21:56 27/05/2008::Theytaz;Emmanuel;03/07/1969;Vissoie
Portogallo,Germania,Italia,Spagna,Repubblica Ceca,Polonia,Francia,Russia,Germania,Repubblica Ceca,Italia,Spagna,Germania,Italia,Italia,francesco,del mastro ,06/07/1985,montecorice,0::1211918552::22:02 27/05/2008::Francesco;Del Mastro;06/07/1985;Montecorice
Danimarca,Inghilterra,Olanda,Svezia,Portogallo,Germania,Italia,Spagna,Portogallo,Germania,Italia,Spagna,Germania,Italia,Italia,Ernesto,Donatiello,07/03/1983,Caposele,0020201080201010301;Checked::1211919463::22:17 27/05/2008::Ernesto;Donatiello;07/03/1983;Caposele
Portogallo,Germania,Italia,Spagna,Danimarca,Inghilterra,Francia,Grecia,Inghilterra,Germania,Italia,Francia,Germania,Italia,Italia,Agnese,Garofalo,03/11/1983,Avellino,0::1211920116::22:28 27/05/2008::Agnese;Garofalo;03/11/1983;Avellino
Portogallo,Polonia,Germania,Danimarca,Italia,Russia,Spagna,Olanda,Portogallo,Germania,Italia,Olanda,Italia,Germania,Italia,Gerardo,Donatiello,21/05/1989,Caposele,0100301070500060200;Checked::1212004409::21:53 28/05/2008::Gerardo;Donatiello;21/05/1989;Caposele
Portogallo,Germania,Francia,Russia,Danimarca,Croazia,Italia,Spagna,Portogallo,Germania,Francia,Italia,Germania,Italia,Italia,antonietta,nesta/theytaz,30/01/1969,caposele,0070301010301040101;Checked::1212007643::22:47 28/05/2008::Antonietta;Nesta/theytaz;30/01/1969;Caposele
Portogallo,Germania,Francia,Spagna,Irlanda,Croazia,Italia,Svezia,Portogallo,Germania,Francia,Italia,Germania,Francia,Germania,angela,fuschetto,05/06/1984,caposele,0020201080201010301;Checked::1212090008::21:40 29/05/2008::Angela;Fuschetto;05/06/1984;Caposele
Portogallo,Germania,Italia,Spagna,Repubblica Ceca,Inghilterra,Francia,Svezia,Portogallo,Germania,Italia,Francia,Germania,Italia,Italia,Michele,Cuozzo,23/12/1979,Caposele,0;Checked::1212170346::19:59 30/05/2008::
Portogallo,Germania,Olanda,Spagna,Danimarca,Polonia,Italia,Svezia,Polonia,Germania,Spagna,Italia,Polonia,Germania,Germania,antonio,viscido,03/08/1975,calabritto,0::1212230442::12:40 31/05/2008::Antonio;Viscido;03/08/1975;Calabritto
Portogallo,Germania,Francia,Spagna,Repubblica Ceca,Polonia,Italia,Grecia,Portogallo,Repubblica Ceca,Francia,Spagna,Repubblica Ceca,Spagna,Spagna,giovanni,pane,13/04/1987,lioni,0::1212259180::20:39 31/05/2008::Giovanni;Pane;13/04/1987;Lioni
Danimarca,Germania,Francia,Spagna,Portogallo,Polonia,Ucraina,Russia,Portogallo,Germania,Francia,Russia,Germania,Francia,Germania,claudio,donatiello,26/11/1986,caposele,0010301040101120400;Checked::1212446458::00:40 03/06/2008::Claudio;Donatiello;26/11/1986;Caposele
Portogallo,Germania,Italia,Spagna,Repubblica Ceca,Croazia,Francia,Svezia,Portogallo,Germania,Italia,Spagna,Portogallo,Italia,Italia,Fabio,De Giacomo,31/07/1973,Crescentino,0::1212497405::14:50 03/06/2008::Fabio;De Giacomo;31/07/1973;Orbassano
Portogallo,Germania,Francia,Spagna,Danimarca,Croazia,Italia,Russia,Portogallo,Germania,Francia,Italia,Germania,Francia,Germania,Pasquale,Ceres,13/10/1974,Caposele,0060401080201030301;Checked::1212505921::17:12 03/06/2008::Pasquale;Ceres;13/10/1974;Caposele
Repubblica Ceca,Germania,Francia,Spagna,Portogallo,Croazia,Italia,Grecia,Repubblica Ceca,Germania,Italia,Spagna,Germania,Italia,Germania,carmela,malanga,28/09/1985,caposele,0030301080201020201;Checked::1212587005::15:43 04/06/2008::Carmela;Malanga;28/09/1985;Caposele
Portogallo,Germania,Francia,Spagna,Danimarca,Inghilterra,Italia,Grecia,Danimarca,Portogallo,Italia,Francia,Portogallo,Danimarca,Portogallo,giuseppe,malanga,10/06/1981,caposele,0060401020201040101;Checked::1212587168::15:46 04/06/2008::Giuseppe;Malanga;10/06/1981;Caposele
#Portogallo,Inghilterra,Francia,Spagna,Danimarca,Germania,Olanda,Svezia,Portogallo,Inghilterra,Francia,Spagna,Portogallo,Spagna,Spagna,Giovanni,Belinelli,14/07/1980,San Giovanni in Persiceto,0::1212608907::21:48 04/06/2008::Giovanni;Belinelli;14/07/1980;San Giovanni In Persiceto
Portogallo,Germania,Francia,Russia,Irlanda,Croazia,Italia,Spagna,Portogallo,Germania,Francia,Italia,Germania,Francia,Francia,Lello,Viscardi,20/01/1979,Caposele,0060401080201110401;Checked::1212611418::22:30 04/06/2008::Lello;Viscardi;20/01/1979;Caposele
Italia,Spagna,Germania,Danimarca,Francia,Svezia,Croazia,Portogallo,Italia,Francia,Germania,Danimarca,Italia,Germania,Italia,Raffaele ,Colatrella,07/07/1984,caposele,0090300120200040101;Checked::1212612255::22:44 04/06/2008::Raffaele;Colatrella;07/07/1984;Caposele
Portogallo,Germania,Francia,Spagna,Repubblica Ceca,Croazia,Olanda,Grecia,Portogallo,Germania,Francia,Spagna,Germania,Francia,Germania,Gerardo,Monteverde,27/12/1983,Caposele,0040101060200120301;Checked::1212614528::23:22 04/06/2008::Gerardo;Monteverde;27/12/1983;Caposele
Repubblica Ceca,Germania,Italia,Spagna,Portogallo,Croazia,Olanda,Grecia,Italia,Spagna,Croazia,Repubblica Ceca,Spagna,Italia,Italia,maurizio,aurora,08/02/1980,torella dei lombardi,0::1212617200::00:06 05/06/2008::Maurizio;Aurora;08/02/1980;Torella Dei Lombardi
Repubblica Ceca,Germania,Ucraina,Spagna,Portogallo,Croazia,Olanda,Svezia,Repubblica Ceca,Germania,Spagna,Ucraina,Germania,Spagna,Spagna,Filippo,Vitale,02/10/1972,napoli,0::1212648640::08:50 05/06/2008::Filippo;Vitale;02/10/1972;Napoli
Portogallo,Germania,Francia,Grecia,Danimarca,Croazia,Italia,Spagna,Portogallo,Germania,Francia,Italia,Portogallo,Francia,Portogallo,Giovanni Francesco,Vorraro,08/03/1975,Napoli,0::1212650416::09:20 05/06/2008::Giovanni Francesco;Vorraro;08/03/1975;Napoli
Danimarca,Germania,Italia,Spagna,Portogallo,Croazia,Ucraina,Russia,Portogallo,Germania,Italia,Spagna,Germania,Spagna,Spagna,Carmine,Moretto,02/11/1981,Calabritto,0::1212664950::13:22 05/06/2008::Carmine;Moretto;02/11/1981;Calabritto
Irlanda,Germania,Italia,Spagna,Portogallo,Inghilterra,Francia,Russia,Germania,Inghilterra,Francia,Spagna,Germania,Francia,Germania,Giorgio,Cinicola,15/02/1983,Bra,0::1212667748::14:09 05/06/2008::Giorgio;Cinicola;15/02/1983;Bra
Portogallo,Germania,Italia,Spagna,Repubblica Ceca,Croazia,Francia,Svezia,Portogallo,Germania,Italia,Francia,Germania,Italia,Italia,gerardo,viscardi,07/10/1980,Caposele,0110200010301050401;Checked::1212755623::14:33 06/06/2008::Gerardo;Viscardi;07/10/1980;Caposele
Danimarca,Inghilterra,Italia,Svezia,Portogallo,Germania,Francia,Spagna,Danimarca,Portogallo,Italia,Spagna,Danimarca,Italia,Italia,Alessandro,Russomanno,27/05/1975,Caposele,0070301080201090101;Checked::1212760611::15:56 06/06/2008::Alessandro;Russomanno;27/05/1975;Caposele
Portogallo,Germania,Italia,Spagna,Danimarca,Croazia,Ucraina,Russia,Portogallo,Danimarca,Italia,Spagna,Portogallo,Italia,Italia,Francesco,Buonocore,11/11/1980,Arzano,0::1212761943::16:19 06/06/2008::Francesco;Buonocore;11/11/1980;Arzano
Portogallo,Germania,Italia,Russia,Danimarca,Polonia,Ucraina,Svezia,Portogallo,Germania,Italia,Svezia,Portogallo,Italia,Italia,Gualfardo,Montanari,01/10/1976,Caposele,0060401100301010301;Checked::1212770423::18:40 06/06/2008::Gualfardo;Montanari;01/10/1976;Caposele
Portogallo,Germania,Italia,Svezia,Danimarca,Polonia,Olanda,Spagna,Portogallo,Polonia,Italia,Spagna,Italia,Spagna,Italia,pasquale,restaino,23/05/1984,caposele,0020201070301050401;Checked::1212785910::22:58 06/06/2008::Pasquale;Restaino;23/05/1984;Caposele
Irlanda,Ucraina,Polonia,Croazia,Grecia,Repubblica Ceca,Italia,Russia,Russia,Croazia,Repubblica Ceca,Italia,Russia,Italia,Italia,sandro,russomanno,07/07/1984,Caposele,0010301070301020201;Checked::1212786441::23:07 06/06/2008::Sandro;Russomanno;07/07/1984;Caposele
Portogallo,Germania,Italia,Spagna,Repubblica Ceca,Croazia,Francia,Svezia,Portogallo,Germania,Italia,Spagna,Italia,Germania,Italia,Vittorio,Nesta,04/01/1984,Caposele,0010301070301060401;Checked::1212786657::23:10 06/06/2008::Vittorio;Nesta;04/01/1984;Caposele
Polonia,Danimarca,Irlanda,Francia,Russia,Germania,Italia,Inghilterra,Russia,Danimarca,Italia,Francia,Danimarca,Italia,Danimarca,pio,degli ulivi,12/12/2011,Senerchia,0::1325528648::12:00 13/12/2011::Pio;Degli Ulivi;12/12/2011;Senerchia
